id	reference_id	speaker_id	duration_seconds	reference_duration_seconds	campplus_cosine	waveform_overlap_correlation	eligible_reference_count	identity_status
test/-2KGPYEFnsU/3_1	test/-2KGPYEFnsU/3_0	-2KGPYEFnsU/auto_spk_03	1.88	4.6	0.7453464269638062	0.31453152337177787	1	automatic_screening_not_human_verified
test/-2KGPYEFnsU/5_1	test/-2KGPYEFnsU/5_0	-2KGPYEFnsU/auto_spk_04	1.579	5.28	0.6554515361785889	0.230519378982705	1	automatic_screening_not_human_verified
test/-3KCgSpt3hU/1_2	test/-3KCgSpt3hU/1_1	-3KCgSpt3hU/auto_spk_02	1.76	3.68	0.741083562374115	0.24513453856679748	1	automatic_screening_not_human_verified
test/-4GNkXEUOwY/0_1_0	test/-4GNkXEUOwY/6_0_3	-4GNkXEUOwY/auto_spk_01	6.4319375	3.2508125	0.6803911924362183	0.3876891153174252	4	automatic_screening_not_human_verified
test/-4GNkXEUOwY/4_0_0	test/-4GNkXEUOwY/4_6_0	-4GNkXEUOwY/auto_spk_01	4.2725	4.7136875	0.8200036287307739	0.3707379825080095	4	automatic_screening_not_human_verified
test/-4GNkXEUOwY/4_6_0	test/-4GNkXEUOwY/5_1_0	-4GNkXEUOwY/auto_spk_01	4.7136875	6.3855	0.8472371697425842	0.3641302708118649	4	automatic_screening_not_human_verified
test/-4GNkXEUOwY/5_1_0	test/-4GNkXEUOwY/6_0_3	-4GNkXEUOwY/auto_spk_01	6.3855	3.2508125	0.6595513820648193	0.34807862225977376	4	automatic_screening_not_human_verified
test/-4GNkXEUOwY/6_0_1	test/-4GNkXEUOwY/6_0_2	-4GNkXEUOwY/auto_spk_04	2.043375	3.993875	0.6583026647567749	0.3576038075413176	1	automatic_screening_not_human_verified
test/-4GNkXEUOwY/6_0_2	test/-4GNkXEUOwY/6_0_1	-4GNkXEUOwY/auto_spk_04	3.993875	2.043375	0.6583026647567749	0.3576038075413176	1	automatic_screening_not_human_verified
test/-4GNkXEUOwY/6_0_3	test/-4GNkXEUOwY/4_6_0	-4GNkXEUOwY/auto_spk_01	3.2508125	4.7136875	0.6994813680648804	0.34468779235136915	4	automatic_screening_not_human_verified
test/-8cZ4rlEdIU/2_1_1	test/-8cZ4rlEdIU/2_1_10	-8cZ4rlEdIU/auto_spk_01	8.52	5.340625	0.7142606973648071	0.4075251449312703	6	automatic_screening_not_human_verified
test/-8cZ4rlEdIU/2_1_10	test/-8cZ4rlEdIU/2_1_4	-8cZ4rlEdIU/auto_spk_01	5.340625	3.901	0.7180106043815613	0.48535717706740156	6	automatic_screening_not_human_verified
test/-8cZ4rlEdIU/2_1_11	test/-8cZ4rlEdIU/2_1_4	-8cZ4rlEdIU/auto_spk_01	2.9025	3.901	0.7044392228126526	0.26225533630463016	6	automatic_screening_not_human_verified
test/-8cZ4rlEdIU/2_1_2	test/-8cZ4rlEdIU/2_1_8	-8cZ4rlEdIU/auto_spk_01	6.5248125	2.32	0.7084248065948486	0.3736416395174306	6	automatic_screening_not_human_verified
test/-8cZ4rlEdIU/2_1_4	test/-8cZ4rlEdIU/2_1_10	-8cZ4rlEdIU/auto_spk_01	3.901	5.340625	0.7180106043815613	0.48535717706740156	6	automatic_screening_not_human_verified
test/-8cZ4rlEdIU/2_1_6	test/-8cZ4rlEdIU/2_1_8	-8cZ4rlEdIU/auto_spk_01	2.76	2.32	0.6832215189933777	0.24445559647957732	6	automatic_screening_not_human_verified
test/-8cZ4rlEdIU/2_1_8	test/-8cZ4rlEdIU/2_1_1	-8cZ4rlEdIU/auto_spk_01	2.32	8.52	0.7448590993881226	0.32943751255198334	6	automatic_screening_not_human_verified
test/-8ya_8Co8Ss/4_0_0	test/-8ya_8Co8Ss/5_0_0	-8ya_8Co8Ss/auto_spk_01	4.8994375	3.32	0.7971745729446411	0.3516349057303504	1	automatic_screening_not_human_verified
test/-8ya_8Co8Ss/5_0_0	test/-8ya_8Co8Ss/4_0_0	-8ya_8Co8Ss/auto_spk_01	3.32	4.8994375	0.7971745729446411	0.3516349057303504	1	automatic_screening_not_human_verified
test/-9SgTWyhQL4/0_0_0	test/-9SgTWyhQL4/3_0_1	-9SgTWyhQL4/auto_spk_01	8.6610625	2.48	0.813008189201355	0.3305964769412755	4	automatic_screening_not_human_verified
test/-9SgTWyhQL4/0_0_1	test/-9SgTWyhQL4/3_0_0	-9SgTWyhQL4/auto_spk_01	2.229125	5.52	0.7939074635505676	0.39933745000501975	4	automatic_screening_not_human_verified
test/-9SgTWyhQL4/2_0_0	test/-9SgTWyhQL4/0_0_0	-9SgTWyhQL4/auto_spk_01	5.84	8.6610625	0.8478124141693115	0.350606340039888	4	automatic_screening_not_human_verified
test/-9SgTWyhQL4/3_0_0	test/-9SgTWyhQL4/2_0_0	-9SgTWyhQL4/auto_spk_01	5.52	5.84	0.8081393837928772	0.42971353129943113	4	automatic_screening_not_human_verified
test/-9SgTWyhQL4/3_0_1	test/-9SgTWyhQL4/0_0_0	-9SgTWyhQL4/auto_spk_01	2.48	8.6610625	0.813008189201355	0.3305964769412755	4	automatic_screening_not_human_verified
test/-C77OR13vPU/13_0_1	test/-C77OR13vPU/13_0_0	-C77OR13vPU/auto_spk_01	1.55575	3.8313125	0.7539459466934204	0.36614533970665397	1	automatic_screening_not_human_verified
test/-C77OR13vPU/25_0_3	test/-C77OR13vPU/25_0_4	-C77OR13vPU/auto_spk_03	2.066625	2.066625	0.7918644547462463	0.5478240731474897	1	automatic_screening_not_human_verified
test/-C77OR13vPU/25_0_4	test/-C77OR13vPU/25_0_3	-C77OR13vPU/auto_spk_03	2.066625	2.066625	0.7918644547462463	0.5478240731474897	1	automatic_screening_not_human_verified
test/-HWkUQJjVrI/1_0	test/-HWkUQJjVrI/4_0	-HWkUQJjVrI/auto_spk_08	5.062	2.229125	0.7445659637451172	0.5108041988461515	1	automatic_screening_not_human_verified
test/-HWkUQJjVrI/4_0	test/-HWkUQJjVrI/1_0	-HWkUQJjVrI/auto_spk_08	2.229125	5.062	0.7445659637451172	0.5108041988461515	1	automatic_screening_not_human_verified
test/-J5F6VD1MN4/0_1_1	test/-J5F6VD1MN4/0_1_16	-J5F6VD1MN4/auto_spk_01	3.784875	2.6	0.7188512086868286	0.47824884380022337	5	automatic_screening_not_human_verified
test/-J5F6VD1MN4/0_1_11	test/-J5F6VD1MN4/0_1_1	-J5F6VD1MN4/auto_spk_01	5.5031875	3.784875	0.6807187795639038	0.5490489540733259	5	automatic_screening_not_human_verified
test/-J5F6VD1MN4/0_1_12	test/-J5F6VD1MN4/2_0_2	-J5F6VD1MN4/auto_spk_03	4.1099375	8.545	0.7576127648353577	0.5205083371775155	11	automatic_screening_not_human_verified
test/-J5F6VD1MN4/0_1_13	test/-J5F6VD1MN4/0_1_1	-J5F6VD1MN4/auto_spk_01	8.1038125	3.784875	0.7925747036933899	0.5802770409075441	5	automatic_screening_not_human_verified
test/-J5F6VD1MN4/0_1_14	test/-J5F6VD1MN4/2_0_3	-J5F6VD1MN4/auto_spk_03	3.1115	9.195125	0.7708204984664917	0.5640070665203624	11	automatic_screening_not_human_verified
test/-J5F6VD1MN4/0_1_16	test/-J5F6VD1MN4/0_1_1	-J5F6VD1MN4/auto_spk_01	2.6	3.784875	0.7188512086868286	0.47824884380022337	5	automatic_screening_not_human_verified
test/-J5F6VD1MN4/0_1_2	test/-J5F6VD1MN4/0_1_11	-J5F6VD1MN4/auto_spk_01	6.478375	5.5031875	0.8291065692901611	0.6812097149612113	5	automatic_screening_not_human_verified
test/-J5F6VD1MN4/0_1_3	test/-J5F6VD1MN4/0_1_8	-J5F6VD1MN4/auto_spk_01	1.39325	5.2	0.7502784729003906	0.5670604743376321	6	automatic_screening_not_human_verified
test/-J5F6VD1MN4/0_1_6	test/-J5F6VD1MN4/2_0_1	-J5F6VD1MN4/auto_spk_03	3.2508125	6.03725	0.7748733162879944	0.4346275959487049	11	automatic_screening_not_human_verified
test/-J5F6VD1MN4/0_1_8	test/-J5F6VD1MN4/0_1_16	-J5F6VD1MN4/auto_spk_01	5.2	2.6	0.7634862661361694	0.534093013889427	5	automatic_screening_not_human_verified
test/-J5F6VD1MN4/1_0_0	test/-J5F6VD1MN4/2_0_4	-J5F6VD1MN4/auto_spk_03	13.04	5.5728125	0.890532374382019	0.8204316706406106	12	automatic_screening_not_human_verified
test/-J5F6VD1MN4/1_0_1	test/-J5F6VD1MN4/0_1_14	-J5F6VD1MN4/auto_spk_03	3.2508125	3.1115	0.7119239568710327	0.6296058937713633	11	automatic_screening_not_human_verified
test/-J5F6VD1MN4/2_0_0	test/-J5F6VD1MN4/0_1_14	-J5F6VD1MN4/auto_spk_03	2.92575	3.1115	0.7210589647293091	0.40959392932991306	11	automatic_screening_not_human_verified
test/-J5F6VD1MN4/2_0_1	test/-J5F6VD1MN4/0_1_6	-J5F6VD1MN4/auto_spk_03	6.03725	3.2508125	0.7748733162879944	0.4346275959487049	11	automatic_screening_not_human_verified
test/-J5F6VD1MN4/2_0_2	test/-J5F6VD1MN4/2_0_8	-J5F6VD1MN4/auto_spk_03	8.545	4.48	0.8227182030677795	0.4667739714475057	11	automatic_screening_not_human_verified
test/-J5F6VD1MN4/2_0_3	test/-J5F6VD1MN4/0_1_6	-J5F6VD1MN4/auto_spk_03	9.195125	3.2508125	0.7932579517364502	0.5418814651115257	11	automatic_screening_not_human_verified
test/-J5F6VD1MN4/2_0_4	test/-J5F6VD1MN4/2_0_0	-J5F6VD1MN4/auto_spk_03	5.5728125	2.92575	0.8229872584342957	0.37022339339917715	11	automatic_screening_not_human_verified
test/-J5F6VD1MN4/2_0_7	test/-J5F6VD1MN4/0_1_14	-J5F6VD1MN4/auto_spk_03	5.2245	3.1115	0.826653242111206	0.7456608948393537	11	automatic_screening_not_human_verified
test/-J5F6VD1MN4/2_0_8	test/-J5F6VD1MN4/2_0_9	-J5F6VD1MN4/auto_spk_03	4.48	3.6455625	0.855259358882904	0.4947470699544879	11	automatic_screening_not_human_verified
test/-J5F6VD1MN4/2_0_9	test/-J5F6VD1MN4/2_0_1	-J5F6VD1MN4/auto_spk_03	3.6455625	6.03725	0.7569210529327393	0.5703335999729873	11	automatic_screening_not_human_verified
test/-JKZeB_NZm0/11_0_0	test/-JKZeB_NZm0/7_2_0	-JKZeB_NZm0/auto_spk_01	3.71525	2.71675	0.7548747062683105	0.5030366566246847	4	automatic_screening_not_human_verified
test/-JKZeB_NZm0/11_0_1	test/-JKZeB_NZm0/11_0_0	-JKZeB_NZm0/auto_spk_01	3.48	3.71525	0.6673983931541443	0.5296878558247742	4	automatic_screening_not_human_verified
test/-JKZeB_NZm0/11_1_0	test/-JKZeB_NZm0/11_0_1	-JKZeB_NZm0/auto_spk_01	4.56	3.48	0.723767876625061	0.43508168054695456	4	automatic_screening_not_human_verified
test/-JKZeB_NZm0/12_4_0	test/-JKZeB_NZm0/12_4_1	-JKZeB_NZm0/auto_spk_02	3.0650625	2.531	0.7357453107833862	0.43306112878124403	1	automatic_screening_not_human_verified
test/-JKZeB_NZm0/12_4_1	test/-JKZeB_NZm0/12_4_0	-JKZeB_NZm0/auto_spk_02	2.531	3.0650625	0.7357453107833862	0.43306112878124403	1	automatic_screening_not_human_verified
test/-JKZeB_NZm0/16_1_0	test/-JKZeB_NZm0/9_0_0	-JKZeB_NZm0/auto_spk_01	14.0	6.4	0.7670792937278748	0.5384668032486203	5	automatic_screening_not_human_verified
test/-JKZeB_NZm0/7_2_0	test/-JKZeB_NZm0/11_1_0	-JKZeB_NZm0/auto_spk_01	2.71675	4.56	0.749295175075531	0.37904329252732233	4	automatic_screening_not_human_verified
test/-JKZeB_NZm0/9_0_0	test/-JKZeB_NZm0/11_0_1	-JKZeB_NZm0/auto_spk_01	6.4	3.48	0.7639500498771667	0.34134640152081486	4	automatic_screening_not_human_verified
test/-LJjxuHLI4U/0_0_1	test/-LJjxuHLI4U/72_0_1	-LJjxuHLI4U/auto_spk_02	5.99075	4.2	0.7552040815353394	0.3789141993983382	6	automatic_screening_not_human_verified
test/-LJjxuHLI4U/19_0_0	test/-LJjxuHLI4U/51_8_0	-LJjxuHLI4U/auto_spk_02	7.7090625	5.4799375	0.8626663088798523	0.4829766104563079	6	automatic_screening_not_human_verified
test/-LJjxuHLI4U/23_3_0	test/-LJjxuHLI4U/51_8_0	-LJjxuHLI4U/auto_spk_02	1.4396875	5.4799375	0.6888994574546814	0.4098745982370675	7	automatic_screening_not_human_verified
test/-LJjxuHLI4U/23_3_2	test/-LJjxuHLI4U/51_8_0	-LJjxuHLI4U/auto_spk_02	1.2075	5.4799375	0.7472408413887024	0.46046340281564935	7	automatic_screening_not_human_verified
test/-LJjxuHLI4U/23_6_0	test/-LJjxuHLI4U/0_0_1	-LJjxuHLI4U/auto_spk_02	4.8	5.99075	0.7540906071662903	0.42368847837382534	6	automatic_screening_not_human_verified
test/-LJjxuHLI4U/2_1_0	test/-LJjxuHLI4U/72_0_1	-LJjxuHLI4U/auto_spk_02	1.88	4.2	0.6956544518470764	0.3153548299117279	7	automatic_screening_not_human_verified
test/-LJjxuHLI4U/38_0_0	test/-LJjxuHLI4U/72_0_1	-LJjxuHLI4U/auto_spk_02	5.4799375	4.2	0.7521505951881409	0.348380948824165	6	automatic_screening_not_human_verified
test/-LJjxuHLI4U/51_8_0	test/-LJjxuHLI4U/19_0_0	-LJjxuHLI4U/auto_spk_02	5.4799375	7.7090625	0.8626663088798523	0.4829766104563079	6	automatic_screening_not_human_verified
test/-LJjxuHLI4U/66_0_0	test/-LJjxuHLI4U/23_6_0	-LJjxuHLI4U/auto_spk_02	5.0155625	4.8	0.7276979684829712	0.6248500782756321	6	automatic_screening_not_human_verified
test/-LJjxuHLI4U/72_0_1	test/-LJjxuHLI4U/19_0_0	-LJjxuHLI4U/auto_spk_02	4.2	7.7090625	0.82951819896698	0.4272818080621106	6	automatic_screening_not_human_verified
test/-OFtGUX-9Z0/3_0_1	test/-OFtGUX-9Z0/5_0_4	-OFtGUX-9Z0/auto_spk_02	11.28	9.8220625	0.8847118020057678	0.8355463863461062	3	automatic_screening_not_human_verified
test/-OFtGUX-9Z0/3_0_2	test/-OFtGUX-9Z0/3_0_3	-OFtGUX-9Z0/auto_spk_02	3.622375	9.84	0.7453998923301697	0.4238133068764884	2	automatic_screening_not_human_verified
test/-OFtGUX-9Z0/3_0_3	test/-OFtGUX-9Z0/5_0_4	-OFtGUX-9Z0/auto_spk_02	9.84	9.8220625	0.8802009224891663	0.48239671032363385	2	automatic_screening_not_human_verified
test/-OFtGUX-9Z0/5_0_1	test/-OFtGUX-9Z0/5_0_5	-OFtGUX-9Z0/auto_spk_03	3.7384375	3.48	0.732858419418335	0.414520714930141	1	automatic_screening_not_human_verified
test/-OFtGUX-9Z0/5_0_4	test/-OFtGUX-9Z0/3_0_2	-OFtGUX-9Z0/auto_spk_02	9.8220625	3.622375	0.7794162631034851	0.4829948286609507	2	automatic_screening_not_human_verified
test/-OFtGUX-9Z0/5_0_5	test/-OFtGUX-9Z0/5_0_1	-OFtGUX-9Z0/auto_spk_03	3.48	3.7384375	0.732858419418335	0.414520714930141	1	automatic_screening_not_human_verified
test/-PFdr0SiAEw/1_0	test/-PFdr0SiAEw/4_0	-PFdr0SiAEw/auto_spk_01	7.1285625	3.04	0.6542348861694336	0.302972467424204	1	automatic_screening_not_human_verified
test/-PFdr0SiAEw/3_1	test/-PFdr0SiAEw/3_2	-PFdr0SiAEw/auto_spk_02	3.08	3.56	0.6916210651397705	0.5604727627973257	1	automatic_screening_not_human_verified
test/-PFdr0SiAEw/3_2	test/-PFdr0SiAEw/3_1	-PFdr0SiAEw/auto_spk_02	3.56	3.08	0.6916210651397705	0.5604727627973257	1	automatic_screening_not_human_verified
test/-PFdr0SiAEw/4_0	test/-PFdr0SiAEw/1_0	-PFdr0SiAEw/auto_spk_01	3.04	7.1285625	0.6542348861694336	0.302972467424204	1	automatic_screening_not_human_verified
test/-QNxYSDdpig/3_2	test/-QNxYSDdpig/2_0	-QNxYSDdpig/auto_spk_02	1.16	4.16	0.6699331998825073	0.5326954980895952	1	automatic_screening_not_human_verified
test/-SquB8m_MVo/1_0_0	test/-SquB8m_MVo/3_0_3	-SquB8m_MVo/auto_spk_01	12.6549375	4.48	0.7578030228614807	0.6120885960813437	1	automatic_screening_not_human_verified
test/-YNsl3kWSfc/0_0_0	test/-YNsl3kWSfc/4_0_1	-YNsl3kWSfc/auto_spk_01	4.9923125	2.5078125	0.7235556244850159	0.3415118687572464	12	automatic_screening_not_human_verified
test/-YNsl3kWSfc/1_0_0	test/-YNsl3kWSfc/9_0_1	-YNsl3kWSfc/auto_spk_01	9.380875	3.227625	0.714417040348053	0.40758440298782145	12	automatic_screening_not_human_verified
test/-YNsl3kWSfc/2_0_0	test/-YNsl3kWSfc/0_0_0	-YNsl3kWSfc/auto_spk_01	5.154875	4.9923125	0.7923809885978699	0.5779459196821031	12	automatic_screening_not_human_verified
test/-YNsl3kWSfc/3_0_0	test/-YNsl3kWSfc/7_0_0	-YNsl3kWSfc/auto_spk_01	4.2260625	6.8266875	0.8004146814346313	0.33212069520070625	12	automatic_screening_not_human_verified
test/-YNsl3kWSfc/4_0_0	test/-YNsl3kWSfc/7_0_0	-YNsl3kWSfc/auto_spk_01	4.48	6.8266875	0.7875902056694031	0.4343027321122405	12	automatic_screening_not_human_verified
test/-YNsl3kWSfc/4_0_1	test/-YNsl3kWSfc/1_0_0	-YNsl3kWSfc/auto_spk_01	2.5078125	9.380875	0.7661698460578918	0.4671530353048038	12	automatic_screening_not_human_verified
test/-YNsl3kWSfc/5_0_0	test/-YNsl3kWSfc/0_0_0	-YNsl3kWSfc/auto_spk_01	3.575875	4.9923125	0.7638800144195557	0.5567868669040195	12	automatic_screening_not_human_verified
test/-YNsl3kWSfc/6_0_0	test/-YNsl3kWSfc/4_0_1	-YNsl3kWSfc/auto_spk_01	3.901	2.5078125	0.7525942921638489	0.4221207655772622	12	automatic_screening_not_human_verified
test/-YNsl3kWSfc/6_0_1	test/-YNsl3kWSfc/7_0_0	-YNsl3kWSfc/auto_spk_01	2.04	6.8266875	0.7224237322807312	0.31446345616054827	12	automatic_screening_not_human_verified
test/-YNsl3kWSfc/7_0_0	test/-YNsl3kWSfc/6_0_0	-YNsl3kWSfc/auto_spk_01	6.8266875	3.901	0.8514856696128845	0.5000282260252943	12	automatic_screening_not_human_verified
test/-YNsl3kWSfc/8_0_0	test/-YNsl3kWSfc/5_0_0	-YNsl3kWSfc/auto_spk_01	2.36	3.575875	0.7136867642402649	0.4825295905202958	12	automatic_screening_not_human_verified
test/-YNsl3kWSfc/8_0_1	test/-YNsl3kWSfc/8_0_0	-YNsl3kWSfc/auto_spk_01	2.5774375	2.36	0.7676655650138855	0.26146775457504673	12	automatic_screening_not_human_verified
test/-YNsl3kWSfc/9_0_1	test/-YNsl3kWSfc/7_0_0	-YNsl3kWSfc/auto_spk_01	3.227625	6.8266875	0.8612887263298035	0.3859489848087547	12	automatic_screening_not_human_verified
test/-YNsl3kWSfc/9_0_3	test/-YNsl3kWSfc/9_0_2	-YNsl3kWSfc/auto_spk_04	1.5093125	3.29725	0.6810017228126526	0.3492731788114864	1	automatic_screening_not_human_verified
test/-_zyvfId578/1_0_0	test/-_zyvfId578/8_0_10	-_zyvfId578/auto_spk_04	3.4365625	5.2941875	0.7530838251113892	0.5664147360396903	1	automatic_screening_not_human_verified
test/-_zyvfId578/1_0_2	test/-_zyvfId578/8_0_11	-_zyvfId578/auto_spk_05	6.19975	4.1099375	0.7602501511573792	0.5559423987334984	4	automatic_screening_not_human_verified
test/-_zyvfId578/1_0_3	test/-_zyvfId578/1_0_2	-_zyvfId578/auto_spk_05	3.71525	6.19975	0.701443612575531	0.7691844255083271	4	automatic_screening_not_human_verified
test/-_zyvfId578/8_0_0	test/-_zyvfId578/1_0_2	-_zyvfId578/auto_spk_05	5.897875	6.19975	0.8005010485649109	0.5280433178368371	4	automatic_screening_not_human_verified
test/-_zyvfId578/8_0_10	test/-_zyvfId578/1_0_0	-_zyvfId578/auto_spk_04	5.2941875	3.4365625	0.7530838251113892	0.5664147360396903	1	automatic_screening_not_human_verified
test/-_zyvfId578/8_0_11	test/-_zyvfId578/8_0_0	-_zyvfId578/auto_spk_05	4.1099375	5.897875	0.8026866912841797	0.7108417280614397	4	automatic_screening_not_human_verified
test/-_zyvfId578/8_0_13	test/-_zyvfId578/8_0_0	-_zyvfId578/auto_spk_05	6.08	5.897875	0.7988507747650146	0.7571961805864569	4	automatic_screening_not_human_verified
test/0IEYKinDZyc/2_0_0	test/0IEYKinDZyc/2_0_2	0IEYKinDZyc/auto_spk_02	2.8560625	8.1734375	0.694132387638092	0.40985119588214947	2	automatic_screening_not_human_verified
test/0IEYKinDZyc/2_0_1	test/0IEYKinDZyc/2_0_2	0IEYKinDZyc/auto_spk_02	3.1579375	8.1734375	0.7603644728660583	0.4461283324852768	2	automatic_screening_not_human_verified
test/0IEYKinDZyc/2_0_2	test/0IEYKinDZyc/2_0_0	0IEYKinDZyc/auto_spk_02	8.1734375	2.8560625	0.694132387638092	0.40985119588214947	2	automatic_screening_not_human_verified
test/0JRa7ocnNEE/18_0_0	test/0JRa7ocnNEE/18_0_2	0JRa7ocnNEE/auto_spk_01	3.413375	5.96	0.8600339889526367	0.4119193246647909	2	automatic_screening_not_human_verified
test/0JRa7ocnNEE/18_0_1	test/0JRa7ocnNEE/18_0_2	0JRa7ocnNEE/auto_spk_01	3.970625	5.96	0.8215103149414062	0.40705643923213	2	automatic_screening_not_human_verified
test/0JRa7ocnNEE/18_0_2	test/0JRa7ocnNEE/18_0_0	0JRa7ocnNEE/auto_spk_01	5.96	3.413375	0.8600339889526367	0.4119193246647909	2	automatic_screening_not_human_verified
test/0Lg-76xJhws/2_0_1	test/0Lg-76xJhws/6_0_0	0Lg-76xJhws/auto_spk_04	3.4598125	4.736875	0.7027976512908936	0.5231392169763924	4	automatic_screening_not_human_verified
test/0Lg-76xJhws/5_0_1	test/0Lg-76xJhws/2_0_1	0Lg-76xJhws/auto_spk_04	4.3421875	3.4598125	0.7065523862838745	0.36939847454467956	4	automatic_screening_not_human_verified
test/0Lg-76xJhws/6_0_0	test/0Lg-76xJhws/7_0_1	0Lg-76xJhws/auto_spk_04	4.736875	3.6688125	0.7781153321266174	0.37650167520074396	4	automatic_screening_not_human_verified
test/0Lg-76xJhws/7_0_1	test/0Lg-76xJhws/2_0_1	0Lg-76xJhws/auto_spk_04	3.6688125	3.4598125	0.7279573678970337	0.29931219736767034	4	automatic_screening_not_human_verified
test/0Lg-76xJhws/8_0_0	test/0Lg-76xJhws/2_0_1	0Lg-76xJhws/auto_spk_04	5.41025	3.4598125	0.7377784848213196	0.33588131660654563	4	automatic_screening_not_human_verified
test/0Z0N4N1cb5k/0_0	test/0Z0N4N1cb5k/0_1	0Z0N4N1cb5k/auto_spk_01	2.438125	3.0650625	0.6546463370323181	0.27648269524329894	3	automatic_screening_not_human_verified
test/0Z0N4N1cb5k/0_1	test/0Z0N4N1cb5k/0_2	0Z0N4N1cb5k/auto_spk_01	3.0650625	5.4335	0.7408633232116699	0.265365396923284	3	automatic_screening_not_human_verified
test/0Z0N4N1cb5k/0_2	test/0Z0N4N1cb5k/0_3	0Z0N4N1cb5k/auto_spk_01	5.4335	2.3684375	0.7687739133834839	0.23838019924974627	3	automatic_screening_not_human_verified
test/0Z0N4N1cb5k/0_3	test/0Z0N4N1cb5k/0_1	0Z0N4N1cb5k/auto_spk_01	2.3684375	3.0650625	0.6799852848052979	0.40351520791014506	3	automatic_screening_not_human_verified
