id	reference_id	speaker_id	target_official_pairing_prefix	reference_official_pairing_prefix	same_official_pairing_prefix	campplus_cosine	wavlm_cosine	target_seconds	reference_seconds	manual_review_flag	selection_changed
test/-2KGPYEFnsU/3_1	test/-2KGPYEFnsU/3_0	-2KGPYEFnsU/auto_spk_03	test/-2KGPYEFnsU/3	test/-2KGPYEFnsU/3	True	0.7453464269638062	0.693425714969635	1.88	4.6		False
test/-2KGPYEFnsU/5_1	test/-2KGPYEFnsU/5_0	-2KGPYEFnsU/auto_spk_04	test/-2KGPYEFnsU/5	test/-2KGPYEFnsU/5	True	0.6554515361785889	0.6421301364898682	1.579	5.28		False
test/-3KCgSpt3hU/1_2	test/-3KCgSpt3hU/1_1	-3KCgSpt3hU/auto_spk_02	test/-3KCgSpt3hU/1	test/-3KCgSpt3hU/1	True	0.741083562374115	0.7095197439193726	1.76	3.68		False
test/-4GNkXEUOwY/0_1_0	test/-4GNkXEUOwY/6_0_3	-4GNkXEUOwY/auto_spk_01	test/-4GNkXEUOwY/0_1	test/-4GNkXEUOwY/6_0	False	0.6803911924362183	0.7534998059272766	6.4319375	3.2508125		False
test/-4GNkXEUOwY/4_0_0	test/-4GNkXEUOwY/4_6_0	-4GNkXEUOwY/auto_spk_01	test/-4GNkXEUOwY/4_0	test/-4GNkXEUOwY/4_6	False	0.8200036287307739	0.8075804710388184	4.2725	4.7136875		False
test/-4GNkXEUOwY/4_6_0	test/-4GNkXEUOwY/5_1_0	-4GNkXEUOwY/auto_spk_01	test/-4GNkXEUOwY/4_6	test/-4GNkXEUOwY/5_1	False	0.8472371697425842	0.8413483500480652	4.7136875	6.3855		False
test/-4GNkXEUOwY/5_1_0	test/-4GNkXEUOwY/6_0_3	-4GNkXEUOwY/auto_spk_01	test/-4GNkXEUOwY/5_1	test/-4GNkXEUOwY/6_0	False	0.6595513820648193	0.7028623819351196	6.3855	3.2508125		False
test/-4GNkXEUOwY/6_0_1	test/-4GNkXEUOwY/6_0_2	-4GNkXEUOwY/auto_spk_04	test/-4GNkXEUOwY/6_0	test/-4GNkXEUOwY/6_0	True	0.6583026647567749	0.5672087073326111	2.043375	3.993875		False
test/-4GNkXEUOwY/6_0_2	test/-4GNkXEUOwY/6_0_1	-4GNkXEUOwY/auto_spk_04	test/-4GNkXEUOwY/6_0	test/-4GNkXEUOwY/6_0	True	0.6583026647567749	0.5672087073326111	3.993875	2.043375		False
test/-4GNkXEUOwY/6_0_3	test/-4GNkXEUOwY/4_6_0	-4GNkXEUOwY/auto_spk_01	test/-4GNkXEUOwY/6_0	test/-4GNkXEUOwY/4_6	False	0.6994813680648804	0.6830731630325317	3.2508125	4.7136875		False
test/-8cZ4rlEdIU/2_1_1	test/-8cZ4rlEdIU/2_1_10	-8cZ4rlEdIU/auto_spk_01	test/-8cZ4rlEdIU/2_1	test/-8cZ4rlEdIU/2_1	True	0.7142606973648071	0.7849950194358826	8.52	5.340625		False
test/-8cZ4rlEdIU/2_1_10	test/-8cZ4rlEdIU/2_1_4	-8cZ4rlEdIU/auto_spk_01	test/-8cZ4rlEdIU/2_1	test/-8cZ4rlEdIU/2_1	True	0.7180106043815613	0.7101151347160339	5.340625	3.901		False
test/-8cZ4rlEdIU/2_1_11	test/-8cZ4rlEdIU/2_1_4	-8cZ4rlEdIU/auto_spk_01	test/-8cZ4rlEdIU/2_1	test/-8cZ4rlEdIU/2_1	True	0.7044392228126526	0.6722817420959473	2.9025	3.901		False
test/-8cZ4rlEdIU/2_1_2	test/-8cZ4rlEdIU/2_1_8	-8cZ4rlEdIU/auto_spk_01	test/-8cZ4rlEdIU/2_1	test/-8cZ4rlEdIU/2_1	True	0.7084248065948486	0.665329098701477	6.5248125	2.32		False
test/-8cZ4rlEdIU/2_1_4	test/-8cZ4rlEdIU/2_1_10	-8cZ4rlEdIU/auto_spk_01	test/-8cZ4rlEdIU/2_1	test/-8cZ4rlEdIU/2_1	True	0.7180106043815613	0.7101151347160339	3.901	5.340625		False
test/-8cZ4rlEdIU/2_1_6	test/-8cZ4rlEdIU/2_1_8	-8cZ4rlEdIU/auto_spk_01	test/-8cZ4rlEdIU/2_1	test/-8cZ4rlEdIU/2_1	True	0.6832215189933777	0.6244235038757324	2.76	2.32		False
test/-8cZ4rlEdIU/2_1_8	test/-8cZ4rlEdIU/2_1_1	-8cZ4rlEdIU/auto_spk_01	test/-8cZ4rlEdIU/2_1	test/-8cZ4rlEdIU/2_1	True	0.7448590993881226	0.6999461054801941	2.32	8.52		False
test/-8ya_8Co8Ss/4_0_0	test/-8ya_8Co8Ss/5_0_0	-8ya_8Co8Ss/auto_spk_01	test/-8ya_8Co8Ss/4_0	test/-8ya_8Co8Ss/5_0	False	0.7971745729446411	0.6918938159942627	4.8994375	3.32		False
test/-8ya_8Co8Ss/5_0_0	test/-8ya_8Co8Ss/4_0_0	-8ya_8Co8Ss/auto_spk_01	test/-8ya_8Co8Ss/5_0	test/-8ya_8Co8Ss/4_0	False	0.7971745729446411	0.6918938159942627	3.32	4.8994375		False
test/-9SgTWyhQL4/0_0_0	test/-9SgTWyhQL4/3_0_1	-9SgTWyhQL4/auto_spk_01	test/-9SgTWyhQL4/0_0	test/-9SgTWyhQL4/3_0	False	0.813008189201355	0.749740481376648	8.6610625	2.48		False
test/-9SgTWyhQL4/0_0_1	test/-9SgTWyhQL4/3_0_0	-9SgTWyhQL4/auto_spk_01	test/-9SgTWyhQL4/0_0	test/-9SgTWyhQL4/3_0	False	0.7939074635505676	0.6925314664840698	2.229125	5.52		False
test/-9SgTWyhQL4/2_0_0	test/-9SgTWyhQL4/0_0_0	-9SgTWyhQL4/auto_spk_01	test/-9SgTWyhQL4/2_0	test/-9SgTWyhQL4/0_0	False	0.8478124141693115	0.8338000774383545	5.84	8.6610625		False
test/-9SgTWyhQL4/3_0_0	test/-9SgTWyhQL4/2_0_0	-9SgTWyhQL4/auto_spk_01	test/-9SgTWyhQL4/3_0	test/-9SgTWyhQL4/2_0	False	0.8081393837928772	0.8359912633895874	5.52	5.84		False
test/-9SgTWyhQL4/3_0_1	test/-9SgTWyhQL4/0_0_0	-9SgTWyhQL4/auto_spk_01	test/-9SgTWyhQL4/3_0	test/-9SgTWyhQL4/0_0	False	0.813008189201355	0.749740481376648	2.48	8.6610625		False
test/-C77OR13vPU/13_0_1	test/-C77OR13vPU/13_0_0	-C77OR13vPU/auto_spk_01	test/-C77OR13vPU/13_0	test/-C77OR13vPU/13_0	True	0.7539459466934204	0.6723417043685913	1.55575	3.8313125		False
test/-C77OR13vPU/25_0_3	test/-C77OR13vPU/25_0_4	-C77OR13vPU/auto_spk_03	test/-C77OR13vPU/25_0	test/-C77OR13vPU/25_0	True	0.7918644547462463	0.6902543306350708	2.066625	2.066625		False
test/-C77OR13vPU/25_0_4	test/-C77OR13vPU/25_0_3	-C77OR13vPU/auto_spk_03	test/-C77OR13vPU/25_0	test/-C77OR13vPU/25_0	True	0.7918644547462463	0.6902543306350708	2.066625	2.066625		False
test/-HWkUQJjVrI/1_0	test/-HWkUQJjVrI/4_0	-HWkUQJjVrI/auto_spk_08	test/-HWkUQJjVrI/1	test/-HWkUQJjVrI/4	False	0.7445659637451172	0.5839695930480957	5.062	2.229125		False
test/-HWkUQJjVrI/4_0	test/-HWkUQJjVrI/1_0	-HWkUQJjVrI/auto_spk_08	test/-HWkUQJjVrI/4	test/-HWkUQJjVrI/1	False	0.7445659637451172	0.5839695930480957	2.229125	5.062		False
test/-J5F6VD1MN4/0_1_1	test/-J5F6VD1MN4/0_1_16	-J5F6VD1MN4/auto_spk_01	test/-J5F6VD1MN4/0_1	test/-J5F6VD1MN4/0_1	True	0.7188512086868286	0.643577516078949	3.784875	2.6		False
test/-J5F6VD1MN4/0_1_11	test/-J5F6VD1MN4/0_1_1	-J5F6VD1MN4/auto_spk_01	test/-J5F6VD1MN4/0_1	test/-J5F6VD1MN4/0_1	True	0.6807187795639038	0.5815224647521973	5.5031875	3.784875		False
test/-J5F6VD1MN4/0_1_12	test/-J5F6VD1MN4/2_0_2	-J5F6VD1MN4/auto_spk_03	test/-J5F6VD1MN4/0_1	test/-J5F6VD1MN4/2_0	False	0.7576127648353577	0.7683206796646118	4.1099375	8.545		False
test/-J5F6VD1MN4/0_1_13	test/-J5F6VD1MN4/0_1_1	-J5F6VD1MN4/auto_spk_01	test/-J5F6VD1MN4/0_1	test/-J5F6VD1MN4/0_1	True	0.7925747036933899	0.7024731040000916	8.1038125	3.784875		False
test/-J5F6VD1MN4/0_1_14	test/-J5F6VD1MN4/2_0_3	-J5F6VD1MN4/auto_spk_03	test/-J5F6VD1MN4/0_1	test/-J5F6VD1MN4/2_0	False	0.7708204984664917	0.6952840089797974	3.1115	9.195125		False
test/-J5F6VD1MN4/0_1_16	test/-J5F6VD1MN4/0_1_1	-J5F6VD1MN4/auto_spk_01	test/-J5F6VD1MN4/0_1	test/-J5F6VD1MN4/0_1	True	0.7188512086868286	0.643577516078949	2.6	3.784875		False
test/-J5F6VD1MN4/0_1_2	test/-J5F6VD1MN4/0_1_11	-J5F6VD1MN4/auto_spk_01	test/-J5F6VD1MN4/0_1	test/-J5F6VD1MN4/0_1	True	0.8291065692901611	0.7120524048805237	6.478375	5.5031875		False
test/-J5F6VD1MN4/0_1_3	test/-J5F6VD1MN4/0_1_8	-J5F6VD1MN4/auto_spk_01	test/-J5F6VD1MN4/0_1	test/-J5F6VD1MN4/0_1	True	0.7502784729003906	0.7062504291534424	1.39325	5.2		False
test/-J5F6VD1MN4/0_1_6	test/-J5F6VD1MN4/2_0_1	-J5F6VD1MN4/auto_spk_03	test/-J5F6VD1MN4/0_1	test/-J5F6VD1MN4/2_0	False	0.7748733162879944	0.6829930543899536	3.2508125	6.03725		False
test/-J5F6VD1MN4/0_1_8	test/-J5F6VD1MN4/0_1_16	-J5F6VD1MN4/auto_spk_01	test/-J5F6VD1MN4/0_1	test/-J5F6VD1MN4/0_1	True	0.7634862661361694	0.7206621766090393	5.2	2.6		False
test/-J5F6VD1MN4/1_0_0	test/-J5F6VD1MN4/2_0_4	-J5F6VD1MN4/auto_spk_03	test/-J5F6VD1MN4/1_0	test/-J5F6VD1MN4/2_0	False	0.890532374382019	0.8362941145896912	13.04	5.5728125		False
test/-J5F6VD1MN4/1_0_1	test/-J5F6VD1MN4/0_1_14	-J5F6VD1MN4/auto_spk_03	test/-J5F6VD1MN4/1_0	test/-J5F6VD1MN4/0_1	False	0.7119239568710327	0.6672996878623962	3.2508125	3.1115		False
test/-J5F6VD1MN4/2_0_0	test/-J5F6VD1MN4/0_1_14	-J5F6VD1MN4/auto_spk_03	test/-J5F6VD1MN4/2_0	test/-J5F6VD1MN4/0_1	False	0.7210589647293091	0.5914045572280884	2.92575	3.1115		False
test/-J5F6VD1MN4/2_0_1	test/-J5F6VD1MN4/0_1_6	-J5F6VD1MN4/auto_spk_03	test/-J5F6VD1MN4/2_0	test/-J5F6VD1MN4/0_1	False	0.7748733162879944	0.6829930543899536	6.03725	3.2508125		False
test/-J5F6VD1MN4/2_0_2	test/-J5F6VD1MN4/2_0_8	-J5F6VD1MN4/auto_spk_03	test/-J5F6VD1MN4/2_0	test/-J5F6VD1MN4/2_0	True	0.8227182030677795	0.7976895570755005	8.545	4.48		False
test/-J5F6VD1MN4/2_0_3	test/-J5F6VD1MN4/0_1_6	-J5F6VD1MN4/auto_spk_03	test/-J5F6VD1MN4/2_0	test/-J5F6VD1MN4/0_1	False	0.7932579517364502	0.7838722467422485	9.195125	3.2508125		False
test/-J5F6VD1MN4/2_0_4	test/-J5F6VD1MN4/2_0_0	-J5F6VD1MN4/auto_spk_03	test/-J5F6VD1MN4/2_0	test/-J5F6VD1MN4/2_0	True	0.8229872584342957	0.7157877683639526	5.5728125	2.92575		False
test/-J5F6VD1MN4/2_0_7	test/-J5F6VD1MN4/0_1_14	-J5F6VD1MN4/auto_spk_03	test/-J5F6VD1MN4/2_0	test/-J5F6VD1MN4/0_1	False	0.826653242111206	0.7772709131240845	5.2245	3.1115		False
test/-J5F6VD1MN4/2_0_8	test/-J5F6VD1MN4/2_0_9	-J5F6VD1MN4/auto_spk_03	test/-J5F6VD1MN4/2_0	test/-J5F6VD1MN4/2_0	True	0.855259358882904	0.7195910215377808	4.48	3.6455625		False
test/-J5F6VD1MN4/2_0_9	test/-J5F6VD1MN4/2_0_1	-J5F6VD1MN4/auto_spk_03	test/-J5F6VD1MN4/2_0	test/-J5F6VD1MN4/2_0	True	0.7569210529327393	0.7220205664634705	3.6455625	6.03725		False
test/-JKZeB_NZm0/11_0_0	test/-JKZeB_NZm0/7_2_0	-JKZeB_NZm0/auto_spk_01	test/-JKZeB_NZm0/11_0	test/-JKZeB_NZm0/7_2	False	0.7548747062683105	0.7186357975006104	3.71525	2.71675		False
test/-JKZeB_NZm0/11_0_1	test/-JKZeB_NZm0/11_0_0	-JKZeB_NZm0/auto_spk_01	test/-JKZeB_NZm0/11_0	test/-JKZeB_NZm0/11_0	True	0.6673983931541443	0.5742093324661255	3.48	3.71525		False
test/-JKZeB_NZm0/11_1_0	test/-JKZeB_NZm0/11_0_1	-JKZeB_NZm0/auto_spk_01	test/-JKZeB_NZm0/11_1	test/-JKZeB_NZm0/11_0	False	0.723767876625061	0.6321151852607727	4.56	3.48		False
test/-JKZeB_NZm0/12_4_0	test/-JKZeB_NZm0/12_4_1	-JKZeB_NZm0/auto_spk_02	test/-JKZeB_NZm0/12_4	test/-JKZeB_NZm0/12_4	True	0.7357453107833862	0.6740639209747314	3.0650625	2.531		False
test/-JKZeB_NZm0/12_4_1	test/-JKZeB_NZm0/12_4_0	-JKZeB_NZm0/auto_spk_02	test/-JKZeB_NZm0/12_4	test/-JKZeB_NZm0/12_4	True	0.7357453107833862	0.6740639209747314	2.531	3.0650625		False
test/-JKZeB_NZm0/16_1_0	test/-JKZeB_NZm0/9_0_0	-JKZeB_NZm0/auto_spk_01	test/-JKZeB_NZm0/16_1	test/-JKZeB_NZm0/9_0	False	0.7670792937278748	0.8379563093185425	14.0	6.4		False
test/-JKZeB_NZm0/7_2_0	test/-JKZeB_NZm0/11_1_0	-JKZeB_NZm0/auto_spk_01	test/-JKZeB_NZm0/7_2	test/-JKZeB_NZm0/11_1	False	0.749295175075531	0.7053933143615723	2.71675	4.56		False
test/-JKZeB_NZm0/9_0_0	test/-JKZeB_NZm0/11_0_1	-JKZeB_NZm0/auto_spk_01	test/-JKZeB_NZm0/9_0	test/-JKZeB_NZm0/11_0	False	0.7639500498771667	0.6811233162879944	6.4	3.48		False
test/-LJjxuHLI4U/0_0_1	test/-LJjxuHLI4U/72_0_1	-LJjxuHLI4U/auto_spk_02	test/-LJjxuHLI4U/0_0	test/-LJjxuHLI4U/72_0	False	0.7552040815353394	0.8283671736717224	5.99075	4.2		False
test/-LJjxuHLI4U/19_0_0	test/-LJjxuHLI4U/51_8_0	-LJjxuHLI4U/auto_spk_02	test/-LJjxuHLI4U/19_0	test/-LJjxuHLI4U/51_8	False	0.8626663088798523	0.8348602056503296	7.7090625	5.4799375		False
test/-LJjxuHLI4U/23_3_0	test/-LJjxuHLI4U/51_8_0	-LJjxuHLI4U/auto_spk_02	test/-LJjxuHLI4U/23_3	test/-LJjxuHLI4U/51_8	False	0.6888994574546814	0.7523213624954224	1.4396875	5.4799375		False
test/-LJjxuHLI4U/23_3_2	test/-LJjxuHLI4U/51_8_0	-LJjxuHLI4U/auto_spk_02	test/-LJjxuHLI4U/23_3	test/-LJjxuHLI4U/51_8	False	0.7472408413887024	0.7248764038085938	1.2075	5.4799375		False
test/-LJjxuHLI4U/23_6_0	test/-LJjxuHLI4U/0_0_1	-LJjxuHLI4U/auto_spk_02	test/-LJjxuHLI4U/23_6	test/-LJjxuHLI4U/0_0	False	0.7540906071662903	0.7684939503669739	4.8	5.99075		False
test/-LJjxuHLI4U/2_1_0	test/-LJjxuHLI4U/72_0_1	-LJjxuHLI4U/auto_spk_02	test/-LJjxuHLI4U/2_1	test/-LJjxuHLI4U/72_0	False	0.6956544518470764	0.6517060995101929	1.88	4.2		False
test/-LJjxuHLI4U/38_0_0	test/-LJjxuHLI4U/72_0_1	-LJjxuHLI4U/auto_spk_02	test/-LJjxuHLI4U/38_0	test/-LJjxuHLI4U/72_0	False	0.7521505951881409	0.7848275899887085	5.4799375	4.2		False
test/-LJjxuHLI4U/51_8_0	test/-LJjxuHLI4U/19_0_0	-LJjxuHLI4U/auto_spk_02	test/-LJjxuHLI4U/51_8	test/-LJjxuHLI4U/19_0	False	0.8626663088798523	0.8348602056503296	5.4799375	7.7090625		False
test/-LJjxuHLI4U/66_0_0	test/-LJjxuHLI4U/23_6_0	-LJjxuHLI4U/auto_spk_02	test/-LJjxuHLI4U/66_0	test/-LJjxuHLI4U/23_6	False	0.7276979684829712	0.8038594722747803	5.0155625	4.8		False
test/-LJjxuHLI4U/72_0_1	test/-LJjxuHLI4U/19_0_0	-LJjxuHLI4U/auto_spk_02	test/-LJjxuHLI4U/72_0	test/-LJjxuHLI4U/19_0	False	0.82951819896698	0.8631902933120728	4.2	7.7090625		False
test/-OFtGUX-9Z0/3_0_1	test/-OFtGUX-9Z0/5_0_4	-OFtGUX-9Z0/auto_spk_02	test/-OFtGUX-9Z0/3_0	test/-OFtGUX-9Z0/5_0	False	0.8847118020057678	0.9130727648735046	11.28	9.8220625		False
test/-OFtGUX-9Z0/3_0_2	test/-OFtGUX-9Z0/3_0_3	-OFtGUX-9Z0/auto_spk_02	test/-OFtGUX-9Z0/3_0	test/-OFtGUX-9Z0/3_0	True	0.7453998923301697	0.7648115158081055	3.622375	9.84		False
test/-OFtGUX-9Z0/3_0_3	test/-OFtGUX-9Z0/5_0_4	-OFtGUX-9Z0/auto_spk_02	test/-OFtGUX-9Z0/3_0	test/-OFtGUX-9Z0/5_0	False	0.8802009224891663	0.8711307048797607	9.84	9.8220625		False
test/-OFtGUX-9Z0/5_0_1	test/-OFtGUX-9Z0/5_0_5	-OFtGUX-9Z0/auto_spk_03	test/-OFtGUX-9Z0/5_0	test/-OFtGUX-9Z0/5_0	True	0.732858419418335	0.7290914058685303	3.7384375	3.48		False
test/-OFtGUX-9Z0/5_0_4	test/-OFtGUX-9Z0/3_0_2	-OFtGUX-9Z0/auto_spk_02	test/-OFtGUX-9Z0/5_0	test/-OFtGUX-9Z0/3_0	False	0.7794162631034851	0.7043372392654419	9.8220625	3.622375		False
test/-OFtGUX-9Z0/5_0_5	test/-OFtGUX-9Z0/5_0_1	-OFtGUX-9Z0/auto_spk_03	test/-OFtGUX-9Z0/5_0	test/-OFtGUX-9Z0/5_0	True	0.732858419418335	0.7290914058685303	3.48	3.7384375		False
test/-PFdr0SiAEw/1_0	test/-PFdr0SiAEw/4_0	-PFdr0SiAEw/auto_spk_01	test/-PFdr0SiAEw/1	test/-PFdr0SiAEw/4	False	0.6542348861694336	0.7038126587867737	7.1285625	3.04		False
test/-PFdr0SiAEw/3_1	test/-PFdr0SiAEw/3_2	-PFdr0SiAEw/auto_spk_02	test/-PFdr0SiAEw/3	test/-PFdr0SiAEw/3	True	0.6916210651397705	0.7530186176300049	3.08	3.56		False
test/-PFdr0SiAEw/3_2	test/-PFdr0SiAEw/3_1	-PFdr0SiAEw/auto_spk_02	test/-PFdr0SiAEw/3	test/-PFdr0SiAEw/3	True	0.6916210651397705	0.7530186176300049	3.56	3.08		False
test/-PFdr0SiAEw/4_0	test/-PFdr0SiAEw/1_0	-PFdr0SiAEw/auto_spk_01	test/-PFdr0SiAEw/4	test/-PFdr0SiAEw/1	False	0.6542348861694336	0.7038126587867737	3.04	7.1285625		False
test/-QNxYSDdpig/3_2	test/-QNxYSDdpig/2_0	-QNxYSDdpig/auto_spk_02	test/-QNxYSDdpig/3	test/-QNxYSDdpig/2	False	0.6699331998825073	0.5439308881759644	1.16	4.16		False
test/-SquB8m_MVo/1_0_0	test/-SquB8m_MVo/3_0_3	-SquB8m_MVo/auto_spk_01	test/-SquB8m_MVo/1_0	test/-SquB8m_MVo/3_0	False	0.7578030228614807	0.7859592437744141	12.6549375	4.48		False
test/-YNsl3kWSfc/0_0_0	test/-YNsl3kWSfc/4_0_1	-YNsl3kWSfc/auto_spk_01	test/-YNsl3kWSfc/0_0	test/-YNsl3kWSfc/4_0	False	0.7235556244850159	0.7922502756118774	4.9923125	2.5078125		False
test/-YNsl3kWSfc/1_0_0	test/-YNsl3kWSfc/9_0_1	-YNsl3kWSfc/auto_spk_01	test/-YNsl3kWSfc/1_0	test/-YNsl3kWSfc/9_0	False	0.714417040348053	0.765334963798523	9.380875	3.227625		False
test/-YNsl3kWSfc/2_0_0	test/-YNsl3kWSfc/0_0_0	-YNsl3kWSfc/auto_spk_01	test/-YNsl3kWSfc/2_0	test/-YNsl3kWSfc/0_0	False	0.7923809885978699	0.7932256460189819	5.154875	4.9923125		False
test/-YNsl3kWSfc/3_0_0	test/-YNsl3kWSfc/7_0_0	-YNsl3kWSfc/auto_spk_01	test/-YNsl3kWSfc/3_0	test/-YNsl3kWSfc/7_0	False	0.8004146814346313	0.8124779462814331	4.2260625	6.8266875		False
test/-YNsl3kWSfc/4_0_0	test/-YNsl3kWSfc/7_0_0	-YNsl3kWSfc/auto_spk_01	test/-YNsl3kWSfc/4_0	test/-YNsl3kWSfc/7_0	False	0.7875902056694031	0.7389028072357178	4.48	6.8266875		False
test/-YNsl3kWSfc/4_0_1	test/-YNsl3kWSfc/1_0_0	-YNsl3kWSfc/auto_spk_01	test/-YNsl3kWSfc/4_0	test/-YNsl3kWSfc/1_0	False	0.7661698460578918	0.741687536239624	2.5078125	9.380875		False
test/-YNsl3kWSfc/5_0_0	test/-YNsl3kWSfc/0_0_0	-YNsl3kWSfc/auto_spk_01	test/-YNsl3kWSfc/5_0	test/-YNsl3kWSfc/0_0	False	0.7638800144195557	0.781423807144165	3.575875	4.9923125		False
test/-YNsl3kWSfc/6_0_0	test/-YNsl3kWSfc/4_0_1	-YNsl3kWSfc/auto_spk_01	test/-YNsl3kWSfc/6_0	test/-YNsl3kWSfc/4_0	False	0.7525942921638489	0.7081120014190674	3.901	2.5078125		False
test/-YNsl3kWSfc/6_0_1	test/-YNsl3kWSfc/7_0_0	-YNsl3kWSfc/auto_spk_01	test/-YNsl3kWSfc/6_0	test/-YNsl3kWSfc/7_0	False	0.7224237322807312	0.6444355249404907	2.04	6.8266875		False
test/-YNsl3kWSfc/7_0_0	test/-YNsl3kWSfc/6_0_0	-YNsl3kWSfc/auto_spk_01	test/-YNsl3kWSfc/7_0	test/-YNsl3kWSfc/6_0	False	0.8514856696128845	0.8021801114082336	6.8266875	3.901		False
test/-YNsl3kWSfc/8_0_0	test/-YNsl3kWSfc/5_0_0	-YNsl3kWSfc/auto_spk_01	test/-YNsl3kWSfc/8_0	test/-YNsl3kWSfc/5_0	False	0.7136867642402649	0.6342379450798035	2.36	3.575875		False
test/-YNsl3kWSfc/8_0_1	test/-YNsl3kWSfc/8_0_0	-YNsl3kWSfc/auto_spk_01	test/-YNsl3kWSfc/8_0	test/-YNsl3kWSfc/8_0	True	0.7676655650138855	0.7608761787414551	2.5774375	2.36		False
test/-YNsl3kWSfc/9_0_1	test/-YNsl3kWSfc/7_0_0	-YNsl3kWSfc/auto_spk_01	test/-YNsl3kWSfc/9_0	test/-YNsl3kWSfc/7_0	False	0.8612887263298035	0.7782651782035828	3.227625	6.8266875		False
test/-YNsl3kWSfc/9_0_3	test/-YNsl3kWSfc/9_0_2	-YNsl3kWSfc/auto_spk_04	test/-YNsl3kWSfc/9_0	test/-YNsl3kWSfc/9_0	True	0.6810017228126526	0.6451693773269653	1.5093125	3.29725		False
test/-_zyvfId578/1_0_0	test/-_zyvfId578/8_0_10	-_zyvfId578/auto_spk_04	test/-_zyvfId578/1_0	test/-_zyvfId578/8_0	False	0.7530838251113892	0.6124647259712219	3.4365625	5.2941875		False
test/-_zyvfId578/1_0_2	test/-_zyvfId578/8_0_11	-_zyvfId578/auto_spk_05	test/-_zyvfId578/1_0	test/-_zyvfId578/8_0	False	0.7602501511573792	0.6982685923576355	6.19975	4.1099375		False
test/-_zyvfId578/1_0_3	test/-_zyvfId578/1_0_2	-_zyvfId578/auto_spk_05	test/-_zyvfId578/1_0	test/-_zyvfId578/1_0	True	0.701443612575531	0.7139427661895752	3.71525	6.19975		False
test/-_zyvfId578/8_0_0	test/-_zyvfId578/1_0_2	-_zyvfId578/auto_spk_05	test/-_zyvfId578/8_0	test/-_zyvfId578/1_0	False	0.8005010485649109	0.7529498934745789	5.897875	6.19975		False
test/-_zyvfId578/8_0_10	test/-_zyvfId578/1_0_0	-_zyvfId578/auto_spk_04	test/-_zyvfId578/8_0	test/-_zyvfId578/1_0	False	0.7530838251113892	0.6124647259712219	5.2941875	3.4365625		False
test/-_zyvfId578/8_0_11	test/-_zyvfId578/8_0_0	-_zyvfId578/auto_spk_05	test/-_zyvfId578/8_0	test/-_zyvfId578/8_0	True	0.8026866912841797	0.6525394916534424	4.1099375	5.897875		False
test/-_zyvfId578/8_0_13	test/-_zyvfId578/8_0_0	-_zyvfId578/auto_spk_05	test/-_zyvfId578/8_0	test/-_zyvfId578/8_0	True	0.7988507747650146	0.735663652420044	6.08	5.897875		False
test/0IEYKinDZyc/2_0_0	test/0IEYKinDZyc/2_0_2	0IEYKinDZyc/auto_spk_02	test/0IEYKinDZyc/2_0	test/0IEYKinDZyc/2_0	True	0.694132387638092	0.6736151576042175	2.8560625	8.1734375		False
test/0IEYKinDZyc/2_0_1	test/0IEYKinDZyc/2_0_2	0IEYKinDZyc/auto_spk_02	test/0IEYKinDZyc/2_0	test/0IEYKinDZyc/2_0	True	0.7603644728660583	0.6136062145233154	3.1579375	8.1734375		False
test/0IEYKinDZyc/2_0_2	test/0IEYKinDZyc/2_0_0	0IEYKinDZyc/auto_spk_02	test/0IEYKinDZyc/2_0	test/0IEYKinDZyc/2_0	True	0.694132387638092	0.6736151576042175	8.1734375	2.8560625		False
test/0JRa7ocnNEE/18_0_0	test/0JRa7ocnNEE/18_0_2	0JRa7ocnNEE/auto_spk_01	test/0JRa7ocnNEE/18_0	test/0JRa7ocnNEE/18_0	True	0.8600339889526367	0.7547374963760376	3.413375	5.96		False
test/0JRa7ocnNEE/18_0_1	test/0JRa7ocnNEE/18_0_2	0JRa7ocnNEE/auto_spk_01	test/0JRa7ocnNEE/18_0	test/0JRa7ocnNEE/18_0	True	0.8215103149414062	0.7547304630279541	3.970625	5.96		False
test/0JRa7ocnNEE/18_0_2	test/0JRa7ocnNEE/18_0_0	0JRa7ocnNEE/auto_spk_01	test/0JRa7ocnNEE/18_0	test/0JRa7ocnNEE/18_0	True	0.8600339889526367	0.7547374963760376	5.96	3.413375		False
test/0Lg-76xJhws/2_0_1	test/0Lg-76xJhws/6_0_0	0Lg-76xJhws/auto_spk_04	test/0Lg-76xJhws/2_0	test/0Lg-76xJhws/6_0	False	0.7027976512908936	0.7314605712890625	3.4598125	4.736875		False
test/0Lg-76xJhws/5_0_1	test/0Lg-76xJhws/2_0_1	0Lg-76xJhws/auto_spk_04	test/0Lg-76xJhws/5_0	test/0Lg-76xJhws/2_0	False	0.7065523862838745	0.6505347490310669	4.3421875	3.4598125		False
test/0Lg-76xJhws/6_0_0	test/0Lg-76xJhws/7_0_1	0Lg-76xJhws/auto_spk_04	test/0Lg-76xJhws/6_0	test/0Lg-76xJhws/7_0	False	0.7781153321266174	0.8095905184745789	4.736875	3.6688125		False
test/0Lg-76xJhws/7_0_1	test/0Lg-76xJhws/2_0_1	0Lg-76xJhws/auto_spk_04	test/0Lg-76xJhws/7_0	test/0Lg-76xJhws/2_0	False	0.7279573678970337	0.7262449264526367	3.6688125	3.4598125		False
test/0Lg-76xJhws/8_0_0	test/0Lg-76xJhws/2_0_1	0Lg-76xJhws/auto_spk_04	test/0Lg-76xJhws/8_0	test/0Lg-76xJhws/2_0	False	0.7377784848213196	0.6766073703765869	5.41025	3.4598125		False
test/0Z0N4N1cb5k/0_0	test/0Z0N4N1cb5k/0_1	0Z0N4N1cb5k/auto_spk_01	test/0Z0N4N1cb5k/0	test/0Z0N4N1cb5k/0	True	0.6546463370323181	0.6494689583778381	2.438125	3.0650625		False
test/0Z0N4N1cb5k/0_1	test/0Z0N4N1cb5k/0_2	0Z0N4N1cb5k/auto_spk_01	test/0Z0N4N1cb5k/0	test/0Z0N4N1cb5k/0	True	0.7408633232116699	0.7891145348548889	3.0650625	5.4335		False
test/0Z0N4N1cb5k/0_2	test/0Z0N4N1cb5k/0_3	0Z0N4N1cb5k/auto_spk_01	test/0Z0N4N1cb5k/0	test/0Z0N4N1cb5k/0	True	0.7687739133834839	0.7069756984710693	5.4335	2.3684375		False
test/0Z0N4N1cb5k/0_3	test/0Z0N4N1cb5k/0_1	0Z0N4N1cb5k/auto_spk_01	test/0Z0N4N1cb5k/0	test/0Z0N4N1cb5k/0	True	0.6799852848052979	0.5820393562316895	2.3684375	3.0650625		False
